{
	"1":{"district": "Açores", "country_code": "PT", "name": "Angra do Heroísmo"},
	"2":{"district": "Açores", "country_code": "PT", "name": "Calheta"},
	"3":{"district": "Açores", "country_code": "PT", "name": "Corvo"},
	"4":{"district": "Açores", "country_code": "PT", "name": "Horta"},
	"5":{"district": "Açores", "country_code": "PT", "name": "Lagoa"},
	"6":{"district": "Açores", "country_code": "PT", "name": "Lajes das Flores"},
	"7":{"district": "Açores", "country_code": "PT", "name": "Lajes do Pico"},
	"8":{"district": "Açores", "country_code": "PT", "name": "Madalena"},
	"9":{"district": "Açores", "country_code": "PT", "name": "Nordeste"},
	"10":{"district": "Açores", "country_code": "PT", "name": "Ponta Delgada"},
	"11":{"district": "Açores", "country_code": "PT", "name": "Povoação"},
	"12":{"district": "Açores", "country_code": "PT", "name": "Praia da Vitória"},
	"13":{"district": "Açores", "country_code": "PT", "name": "Ribeira Grande"},
	"14":{"district": "Açores", "country_code": "PT", "name": "Santa Cruz da Graciosa"},
	"15":{"district": "Açores", "country_code": "PT", "name": "Santa Cruz das Flores"},
	"16":{"district": "Açores", "country_code": "PT", "name": "São Roque do Pico"},
	"17":{"district": "Açores", "country_code": "PT", "name": "Velas"},
	"18":{"district": "Açores", "country_code": "PT", "name": "Vila do Porto"},
	"19":{"district": "Açores", "country_code": "PT", "name": "Vila Franca do Campo"},
	"20":{"district": "Aveiro", "country_code": "PT", "name": "Águeda"},
	"21":{"district": "Aveiro", "country_code": "PT", "name": "Albergaria-a-Velha"},
	"22":{"district": "Aveiro", "country_code": "PT", "name": "Anadia"},
	"23":{"district": "Aveiro", "country_code": "PT", "name": "Arouca"},
	"24":{"district": "Aveiro", "country_code": "PT", "name": "Aveiro"},
	"25":{"district": "Aveiro", "country_code": "PT", "name": "Castelo de Paiva"},
	"26":{"district": "Aveiro", "country_code": "PT", "name": "Espinho"},
	"27":{"district": "Aveiro", "country_code": "PT", "name": "Estarreja"},
	"28":{"district": "Aveiro", "country_code": "PT", "name": "Ílhavo"},
	"29":{"district": "Aveiro", "country_code": "PT", "name": "Mealhada"},
	"30":{"district": "Aveiro", "country_code": "PT", "name": "Murtosa"},
	"31":{"district": "Aveiro", "country_code": "PT", "name": "Oliveira de Azeméis"},
	"32":{"district": "Aveiro", "country_code": "PT", "name": "Oliveira do Bairro"},
	"33":{"district": "Aveiro", "country_code": "PT", "name": "Ovar"},
	"34":{"district": "Aveiro", "country_code": "PT", "name": "Santa Maria da Feira"},
	"35":{"district": "Aveiro", "country_code": "PT", "name": "São João da Madeira"},
	"36":{"district": "Aveiro", "country_code": "PT", "name": "Sever do Vouga"},
	"37":{"district": "Aveiro", "country_code": "PT", "name": "Vagos"},
	"38":{"district": "Aveiro", "country_code": "PT", "name": "Vale de Cambra"},
	"39":{"district": "Beja", "country_code": "PT", "name": "Aljustrel"},
	"40":{"district": "Beja", "country_code": "PT", "name": "Almodôvar"},
	"41":{"district": "Beja", "country_code": "PT", "name": "Alvito"},
	"42":{"district": "Beja", "country_code": "PT", "name": "Barrancos"},
	"43":{"district": "Beja", "country_code": "PT", "name": "Beja"},
	"44":{"district": "Beja", "country_code": "PT", "name": "Castro Verde"},
	"45":{"district": "Beja", "country_code": "PT", "name": "Cuba"},
	"46":{"district": "Beja", "country_code": "PT", "name": "Ferreira do Alentejo"},
	"47":{"district": "Beja", "country_code": "PT", "name": "Mértola"},
	"48":{"district": "Beja", "country_code": "PT", "name": "Moura"},
	"49":{"district": "Beja", "country_code": "PT", "name": "Odemira"},
	"50":{"district": "Beja", "country_code": "PT", "name": "Ourique"},
	"51":{"district": "Beja", "country_code": "PT", "name": "Serpa"},
	"52":{"district": "Beja", "country_code": "PT", "name": "Vidigueira"},
	"53":{"district": "Braga", "country_code": "PT", "name": "Amares"},
	"54":{"district": "Braga", "country_code": "PT", "name": "Barcelos"},
	"55":{"district": "Braga", "country_code": "PT", "name": "Braga"},
	"56":{"district": "Braga", "country_code": "PT", "name": "Cabeceiras de Basto"},
	"57":{"district": "Braga", "country_code": "PT", "name": "Celorico de Basto"},
	"58":{"district": "Braga", "country_code": "PT", "name": "Esposende"},
	"59":{"district": "Braga", "country_code": "PT", "name": "Fafe"},
	"60":{"district": "Braga", "country_code": "PT", "name": "Guimarães"},
	"61":{"district": "Braga", "country_code": "PT", "name": "Póvoa de Lanhoso"},
	"62":{"district": "Braga", "country_code": "PT", "name": "Terras de Bouro"},
	"63":{"district": "Braga", "country_code": "PT", "name": "Vieira do Minho"},
	"64":{"district": "Braga", "country_code": "PT", "name": "Vila Nova de Famalicão"},
	"65":{"district": "Braga", "country_code": "PT", "name": "Vila Verde"},
	"66":{"district": "Braga", "country_code": "PT", "name": "Vizela"},
	"67":{"district": "Bragança", "country_code": "PT", "name": "Bragança"},
	"68":{"district": "Bragança", "country_code": "PT", "name": "Alfândega da Fé"},
	"69":{"district": "Bragança", "country_code": "PT", "name": "Bragança"},
	"70":{"district": "Bragança", "country_code": "PT", "name": "Carrazeda de Ansiães"},
	"71":{"district": "Bragança", "country_code": "PT", "name": "Freixo de Espada à Cinta"},
	"72":{"district": "Bragança", "country_code": "PT", "name": "Macedo de Cavaleiros"},
	"73":{"district": "Bragança", "country_code": "PT", "name": "Miranda do Douro"},
	"74":{"district": "Bragança", "country_code": "PT", "name": "Mirandela"},
	"75":{"district": "Bragança", "country_code": "PT", "name": "Mogadouro"},
	"76":{"district": "Bragança", "country_code": "PT", "name": "Torre de Moncorvo"},
	"77":{"district": "Bragança", "country_code": "PT", "name": "Vila Flor"},
	"78":{"district": "Bragança", "country_code": "PT", "name": "Vimioso"},
	"79":{"district": "Bragança", "country_code": "PT", "name": "Vinhais"},
	"80":{"district": "Castelo Branco", "country_code": "PT", "name": "Belmonte"},
	"81":{"district": "Castelo Branco", "country_code": "PT", "name": "Castelo Branco"},
	"82":{"district": "Castelo Branco", "country_code": "PT", "name": "Covilhã"},
	"83":{"district": "Castelo Branco", "country_code": "PT", "name": "Fundão"},
	"84":{"district": "Castelo Branco", "country_code": "PT", "name": "Idanha-a-Nova"},
	"85":{"district": "Castelo Branco", "country_code": "PT", "name": "Oleiros"},
	"86":{"district": "Castelo Branco", "country_code": "PT", "name": "Penamacor"},
	"87":{"district": "Castelo Branco", "country_code": "PT", "name": "Proença-a-Nova"},
	"88":{"district": "Castelo Branco", "country_code": "PT", "name": "Sertã"},
	"89":{"district": "Castelo Branco", "country_code": "PT", "name": "Vila de Rei"},
	"90":{"district": "Castelo Branco", "country_code": "PT", "name": "Vila Velha de Ródão"},
	"91":{"district": "Coimbra", "country_code": "PT", "name": "Arganil"},
	"92":{"district": "Coimbra", "country_code": "PT", "name": "Cantanhede"},
	"93":{"district": "Coimbra", "country_code": "PT", "name": "Coimbra"},
	"94":{"district": "Coimbra", "country_code": "PT", "name": "Condeixa-a-Nova"},
	"95":{"district": "Coimbra", "country_code": "PT", "name": "Figueira da Foz"},
	"96":{"district": "Coimbra", "country_code": "PT", "name": "Góis"},
	"97":{"district": "Coimbra", "country_code": "PT", "name": "Lousã"},
	"98":{"district": "Coimbra", "country_code": "PT", "name": "Mira"},
	"99":{"district": "Coimbra", "country_code": "PT", "name": "Miranda do Corvo"},
	"100":{"district": "Coimbra", "country_code": "PT", "name": "Montemor-o-Velho"},
	"101":{"district": "Coimbra", "country_code": "PT", "name": "Oliveira do Hospital"},
	"102":{"district": "Coimbra", "country_code": "PT", "name": "Pampilhosa da Serra"},
	"103":{"district": "Coimbra", "country_code": "PT", "name": "Penacova"},
	"104":{"district": "Coimbra", "country_code": "PT", "name": "Penela"},
	"105":{"district": "Coimbra", "country_code": "PT", "name": "Soure"},
	"106":{"district": "Coimbra", "country_code": "PT", "name": "Tábua"},
	"107":{"district": "Coimbra", "country_code": "PT", "name": "Vila Nova de Poiares"},
	"108":{"district": "Évora", "country_code": "PT", "name": "Alandroal"},
	"109":{"district": "Évora", "country_code": "PT", "name": "Arraiolos"},
	"110":{"district": "Évora", "country_code": "PT", "name": "Borba"},
	"111":{"district": "Évora", "country_code": "PT", "name": "Estremoz"},
	"112":{"district": "Évora", "country_code": "PT", "name": "Évora"},
	"113":{"district": "Évora", "country_code": "PT", "name": "Montemor-o-Novo"},
	"114":{"district": "Évora", "country_code": "PT", "name": "Mora"},
	"115":{"district": "Évora", "country_code": "PT", "name": "Mourão"},
	"116":{"district": "Évora", "country_code": "PT", "name": "Olivença"},
	"117":{"district": "Évora", "country_code": "PT", "name": "Portel"},
	"118":{"district": "Évora", "country_code": "PT", "name": "Redondo"},
	"119":{"district": "Évora", "country_code": "PT", "name": "Reguengos de Monsaraz"},
	"120":{"district": "Évora", "country_code": "PT", "name": "Vendas Novas"},
	"121":{"district": "Évora", "country_code": "PT", "name": "Viana do Alentejo"},
	"122":{"district": "Évora", "country_code": "PT", "name": "Vila Viçosa"},
	"123":{"district": "Faro", "country_code": "PT", "name": "Albufeira"},
	"124":{"district": "Faro", "country_code": "PT", "name": "Alcoutim"},
	"125":{"district": "Faro", "country_code": "PT", "name": "Aljezur"},
	"126":{"district": "Faro", "country_code": "PT", "name": "Castro Marim"},
	"127":{"district": "Faro", "country_code": "PT", "name": "Faro"},
	"128":{"district": "Faro", "country_code": "PT", "name": "Lagoa"},
	"129":{"district": "Faro", "country_code": "PT", "name": "Lagos"},
	"130":{"district": "Faro", "country_code": "PT", "name": "Loulé"},
	"131":{"district": "Faro", "country_code": "PT", "name": "Monchique"},
	"132":{"district": "Faro", "country_code": "PT", "name": "Olhão"},
	"133":{"district": "Faro", "country_code": "PT", "name": "Portimão"},
	"134":{"district": "Faro", "country_code": "PT", "name": "São Brás de Alportel"},
	"135":{"district": "Faro", "country_code": "PT", "name": "Silves"},
	"136":{"district": "Faro", "country_code": "PT", "name": "Tavira"},
	"137":{"district": "Faro", "country_code": "PT", "name": "Vila do Bispo"},
	"138":{"district": "Faro", "country_code": "PT", "name": "Vila Real de Santo António"},
	"139":{"district": "Guarda", "country_code": "PT", "name": "Aguiar da Beira"},
	"140":{"district": "Guarda", "country_code": "PT", "name": "Almeida"},
	"141":{"district": "Guarda", "country_code": "PT", "name": "Celorico da Beira"},
	"142":{"district": "Guarda", "country_code": "PT", "name": "Figueira de Castelo Rodrigo"},
	"143":{"district": "Guarda", "country_code": "PT", "name": "Fornos de Algodres"},
	"144":{"district": "Guarda", "country_code": "PT", "name": "Gouveia"},
	"145":{"district": "Guarda", "country_code": "PT", "name": "Guarda"},
	"146":{"district": "Guarda", "country_code": "PT", "name": "Manteigas"},
	"147":{"district": "Guarda", "country_code": "PT", "name": "Mêda"},
	"148":{"district": "Guarda", "country_code": "PT", "name": "Pinhel"},
	"149":{"district": "Guarda", "country_code": "PT", "name": "Sabugal"},
	"150":{"district": "Guarda", "country_code": "PT", "name": "Seia"},
	"151":{"district": "Guarda", "country_code": "PT", "name": "Trancoso"},
	"152":{"district": "Guarda", "country_code": "PT", "name": "Vila Nova de Foz Côa"},
	"153":{"district": "Leiria", "country_code": "PT", "name": "Alcobaça"},
	"154":{"district": "Leiria", "country_code": "PT", "name": "Alvaiázere"},
	"155":{"district": "Leiria", "country_code": "PT", "name": "Ansião"},
	"156":{"district": "Leiria", "country_code": "PT", "name": "Batalha"},
	"157":{"district": "Leiria", "country_code": "PT", "name": "Bombarral"},
	"158":{"district": "Leiria", "country_code": "PT", "name": "Caldas da Rainha"},
	"159":{"district": "Leiria", "country_code": "PT", "name": "Castanheira de Pera"},
	"160":{"district": "Leiria", "country_code": "PT", "name": "Figueiró dos Vinhos"},
	"161":{"district": "Leiria", "country_code": "PT", "name": "Leiria"},
	"162":{"district": "Leiria", "country_code": "PT", "name": "Marinha Grande"},
	"163":{"district": "Leiria", "country_code": "PT", "name": "Nazaré"},
	"164":{"district": "Leiria", "country_code": "PT", "name": "Óbidos"},
	"165":{"district": "Leiria", "country_code": "PT", "name": "Pedrógão Grande"},
	"166":{"district": "Leiria", "country_code": "PT", "name": "Peniche"},
	"167":{"district": "Leiria", "country_code": "PT", "name": "Pombal"},
	"168":{"district": "Leiria", "country_code": "PT", "name": "Porto de Mós"},
	"169":{"district": "Lisboa", "country_code": "PT", "name": "Alenquer"},
	"170":{"district": "Lisboa", "country_code": "PT", "name": "Amadora"},
	"171":{"district": "Lisboa", "country_code": "PT", "name": "Arruda dos Vinhos"},
	"172":{"district": "Lisboa", "country_code": "PT", "name": "Azambuja"},
	"173":{"district": "Lisboa", "country_code": "PT", "name": "Cadaval"},
	"174":{"district": "Lisboa", "country_code": "PT", "name": "Cascais"},
	"175":{"district": "Lisboa", "country_code": "PT", "name": "Lisboa"},
	"176":{"district": "Lisboa", "country_code": "PT", "name": "Loures"},
	"177":{"district": "Lisboa", "country_code": "PT", "name": "Lourinhã"},
	"178":{"district": "Lisboa", "country_code": "PT", "name": "Mafra"},
	"179":{"district": "Lisboa", "country_code": "PT", "name": "Odivelas"},
	"180":{"district": "Lisboa", "country_code": "PT", "name": "Oeiras"},
	"181":{"district": "Lisboa", "country_code": "PT", "name": "Sintra"},
	"182":{"district": "Lisboa", "country_code": "PT", "name": "Sobral de Monte Agraço"},
	"183":{"district": "Lisboa", "country_code": "PT", "name": "Torres Vedras"},
	"184":{"district": "Lisboa", "country_code": "PT", "name": "Vila Franca de Xira"},
	"185":{"district": "Madeira", "country_code": "PT", "name": "Calheta"},
	"186":{"district": "Madeira", "country_code": "PT", "name": "Câmara de Lobos"},
	"187":{"district": "Madeira", "country_code": "PT", "name": "Funchal"},
	"188":{"district": "Madeira", "country_code": "PT", "name": "Machico"},
	"189":{"district": "Madeira", "country_code": "PT", "name": "Ponta do Sol"},
	"190":{"district": "Madeira", "country_code": "PT", "name": "Porto Moniz"},
	"191":{"district": "Madeira", "country_code": "PT", "name": "Porto Santo"},
	"192":{"district": "Madeira", "country_code": "PT", "name": "Ribeira Brava"},
	"193":{"district": "Madeira", "country_code": "PT", "name": "Santa Cruz"},
	"194":{"district": "Madeira", "country_code": "PT", "name": "Santana"},
	"195":{"district": "Madeira", "country_code": "PT", "name": "São Vicente"},
	"196":{"district": "Portalegre", "country_code": "PT", "name": "Alter do Chão"},
	"197":{"district": "Portalegre", "country_code": "PT", "name": "Arronches"},
	"198":{"district": "Portalegre", "country_code": "PT", "name": "Avis"},
	"199":{"district": "Portalegre", "country_code": "PT", "name": "Campo Maior"},
	"200":{"district": "Portalegre", "country_code": "PT", "name": "Castelo de Vide"},
	"201":{"district": "Portalegre", "country_code": "PT", "name": "Crato"},
	"202":{"district": "Portalegre", "country_code": "PT", "name": "Elvas"},
	"203":{"district": "Portalegre", "country_code": "PT", "name": "Fronteira"},
	"204":{"district": "Portalegre", "country_code": "PT", "name": "Gavião"},
	"205":{"district": "Portalegre", "country_code": "PT", "name": "Marvão"},
	"206":{"district": "Portalegre", "country_code": "PT", "name": "Monforte"},
	"207":{"district": "Portalegre", "country_code": "PT", "name": "Nisa"},
	"208":{"district": "Portalegre", "country_code": "PT", "name": "Ponte de Sor"},
	"209":{"district": "Portalegre", "country_code": "PT", "name": "Portalegre"},
	"210":{"district": "Portalegre", "country_code": "PT", "name": "Sousel"},
	"211":{"district": "Porto", "country_code": "PT", "name": "Amarante"},
	"212":{"district": "Porto", "country_code": "PT", "name": "Baião"},
	"213":{"district": "Porto", "country_code": "PT", "name": "Felgueiras"},
	"214":{"district": "Porto", "country_code": "PT", "name": "Gondomar"},
	"215":{"district": "Porto", "country_code": "PT", "name": "Lousada"},
	"216":{"district": "Porto", "country_code": "PT", "name": "Maia"},
	"217":{"district": "Porto", "country_code": "PT", "name": "Marco de Canaveses"},
	"218":{"district": "Porto", "country_code": "PT", "name": "Matosinhos"},
	"219":{"district": "Porto", "country_code": "PT", "name": "Paços de Ferreira"},
	"220":{"district": "Porto", "country_code": "PT", "name": "Paredes"},
	"221":{"district": "Porto", "country_code": "PT", "name": "Penafiel"},
	"222":{"district": "Porto", "country_code": "PT", "name": "Porto"},
	"223":{"district": "Porto", "country_code": "PT", "name": "Póvoa de Varzim"},
	"224":{"district": "Porto", "country_code": "PT", "name": "Santo Tirso"},
	"225":{"district": "Porto", "country_code": "PT", "name": "Trofa"},
	"226":{"district": "Porto", "country_code": "PT", "name": "Valongo"},
	"227":{"district": "Porto", "country_code": "PT", "name": "Vila do Conde"},
	"228":{"district": "Porto", "country_code": "PT", "name": "Vila Nova de Gaia"},
	"229":{"district": "Santarém", "country_code": "PT", "name": "Abrantes"},
	"230":{"district": "Santarém", "country_code": "PT", "name": "Alcanena"},
	"231":{"district": "Santarém", "country_code": "PT", "name": "Almeirim"},
	"232":{"district": "Santarém", "country_code": "PT", "name": "Alpiarça"},
	"233":{"district": "Santarém", "country_code": "PT", "name": "Benavente"},
	"234":{"district": "Santarém", "country_code": "PT", "name": "Cartaxo"},
	"235":{"district": "Santarém", "country_code": "PT", "name": "Chamusca"},
	"236":{"district": "Santarém", "country_code": "PT", "name": "Constância"},
	"237":{"district": "Santarém", "country_code": "PT", "name": "Coruche"},
	"238":{"district": "Santarém", "country_code": "PT", "name": "Entroncamento"},
	"239":{"district": "Santarém", "country_code": "PT", "name": "Ferreira do Zêzere"},
	"240":{"district": "Santarém", "country_code": "PT", "name": "Golegã"},
	"241":{"district": "Santarém", "country_code": "PT", "name": "Mação"},
	"242":{"district": "Santarém", "country_code": "PT", "name": "Ourém"},
	"243":{"district": "Santarém", "country_code": "PT", "name": "Rio Maior"},
	"244":{"district": "Santarém", "country_code": "PT", "name": "Salvaterra de Magos"},
	"245":{"district": "Santarém", "country_code": "PT", "name": "Santarém"},
	"246":{"district": "Santarém", "country_code": "PT", "name": "Sardoal"},
	"247":{"district": "Santarém", "country_code": "PT", "name": "Tomar"},
	"248":{"district": "Santarém", "country_code": "PT", "name": "Torres Novas"},
	"249":{"district": "Santarém", "country_code": "PT", "name": "Vila Nova da Barquinha"},
	"250":{"district": "Setúbal", "country_code": "PT", "name": "Setúbal"},
	"251":{"district": "Setúbal", "country_code": "PT", "name": "Alcácer do Sal"},
	"252":{"district": "Setúbal", "country_code": "PT", "name": "Alcochete"},
	"253":{"district": "Setúbal", "country_code": "PT", "name": "Almada"},
	"254":{"district": "Setúbal", "country_code": "PT", "name": "Barreiro"},
	"255":{"district": "Setúbal", "country_code": "PT", "name": "Grândola"},
	"256":{"district": "Setúbal", "country_code": "PT", "name": "Moita"},
	"257":{"district": "Setúbal", "country_code": "PT", "name": "Montijo"},
	"258":{"district": "Setúbal", "country_code": "PT", "name": "Palmela"},
	"259":{"district": "Setúbal", "country_code": "PT", "name": "Santiago do Cacém"},
	"260":{"district": "Setúbal", "country_code": "PT", "name": "Seixal"},
	"261":{"district": "Setúbal", "country_code": "PT", "name": "Sesimbra"},
	"262":{"district": "Setúbal", "country_code": "PT", "name": "Setúbal"},
	"263":{"district": "Setúbal", "country_code": "PT", "name": "Sines"},
	"264":{"district": "Viana do Castelo", "country_code": "PT", "name": "Viana do Castelo"},
	"265":{"district": "Viana do Castelo", "country_code": "PT", "name": "Arcos de Valdevez"},
	"266":{"district": "Viana do Castelo", "country_code": "PT", "name": "Caminha"},
	"267":{"district": "Viana do Castelo", "country_code": "PT", "name": "Melgaço"},
	"268":{"district": "Viana do Castelo", "country_code": "PT", "name": "Monção"},
	"269":{"district": "Viana do Castelo", "country_code": "PT", "name": "Paredes de Coura"},
	"270":{"district": "Viana do Castelo", "country_code": "PT", "name": "Ponte da Barca"},
	"271":{"district": "Viana do Castelo", "country_code": "PT", "name": "Ponte de Lima"},
	"272":{"district": "Viana do Castelo", "country_code": "PT", "name": "Valença"},
	"273":{"district": "Viana do Castelo", "country_code": "PT", "name": "Viana do Castelo"},
	"274":{"district": "Viana do Castelo", "country_code": "PT", "name": "Vila Nova de Cerveira"},
	"275":{"district": "Vila Real", "country_code": "PT", "name": "Alijó"},
	"276":{"district": "Vila Real", "country_code": "PT", "name": "Boticas"},
	"277":{"district": "Vila Real", "country_code": "PT", "name": "Chaves"},
	"278":{"district": "Vila Real", "country_code": "PT", "name": "Mesão Frio"},
	"279":{"district": "Vila Real", "country_code": "PT", "name": "Mondim de Basto"},
	"280":{"district": "Vila Real", "country_code": "PT", "name": "Montalegre"},
	"281":{"district": "Vila Real", "country_code": "PT", "name": "Murça"},
	"282":{"district": "Vila Real", "country_code": "PT", "name": "Peso da Régua"},
	"283":{"district": "Vila Real", "country_code": "PT", "name": "Ribeira de Pena"},
	"284":{"district": "Vila Real", "country_code": "PT", "name": "Sabrosa"},
	"285":{"district": "Vila Real", "country_code": "PT", "name": "Santa Marta de Penaguião"},
	"286":{"district": "Vila Real", "country_code": "PT", "name": "Valpaços"},
	"287":{"district": "Vila Real", "country_code": "PT", "name": "Vila Pouca de Aguiar"},
	"288":{"district": "Vila Real", "country_code": "PT", "name": "Vila Real"},
	"289":{"district": "Viseu", "country_code": "PT", "name": "Armamar"},
	"290":{"district": "Viseu", "country_code": "PT", "name": "Carregal do Sal"},
	"291":{"district": "Viseu", "country_code": "PT", "name": "Castro Daire"},
	"292":{"district": "Viseu", "country_code": "PT", "name": "Cinfães"},
	"293":{"district": "Viseu", "country_code": "PT", "name": "Lamego"},
	"294":{"district": "Viseu", "country_code": "PT", "name": "Mangualde"},
	"295":{"district": "Viseu", "country_code": "PT", "name": "Moimenta da Beira"},
	"296":{"district": "Viseu", "country_code": "PT", "name": "Mortágua"},
	"297":{"district": "Viseu", "country_code": "PT", "name": "Nelas"},
	"298":{"district": "Viseu", "country_code": "PT", "name": "Oliveira de Frades"},
	"299":{"district": "Viseu", "country_code": "PT", "name": "Penalva do Castelo"},
	"300":{"district": "Viseu", "country_code": "PT", "name": "Penedono"},
	"301":{"district": "Viseu", "country_code": "PT", "name": "Resende"},
	"302":{"district": "Viseu", "country_code": "PT", "name": "Santa Comba Dão"},
	"303":{"district": "Viseu", "country_code": "PT", "name": "São João da Pesqueira"},
	"304":{"district": "Viseu", "country_code": "PT", "name": "São Pedro do Sul"},
	"305":{"district": "Viseu", "country_code": "PT", "name": "Sátão"},
	"306":{"district": "Viseu", "country_code": "PT", "name": "Sernancelhe"},
	"307":{"district": "Viseu", "country_code": "PT", "name": "Tabuaço"},
	"308":{"district": "Viseu", "country_code": "PT", "name": "Tarouca"},
	"309":{"district": "Viseu", "country_code": "PT", "name": "Tondela"},
	"310":{"district": "Viseu", "country_code": "PT", "name": "Vila Nova de Paiva"},
	"311":{"district": "Viseu", "country_code": "PT", "name": "Viseu"}
}